{
    "三民區": {
        "PC1": -0.961941995607985,
        "PC2": 0.09312165404845453,
        "District_MA180_Past": 248968.730480993,
        "MA30_Momentum": 253948.10509061287,
        "MA90_Momentum": 251458.4177858029,
        "MA180_Momentum": 248968.730480993
    },
    "仁武區": {
        "PC1": -0.42695826000854104,
        "PC2": -0.8646999423285608,
        "District_MA180_Past": 274675.4905837428,
        "MA30_Momentum": 280169.0003954177,
        "MA90_Momentum": 277422.2454895802,
        "MA180_Momentum": 274675.4905837428
    },
    "內門區": {
        "PC1": 11.071014084660524,
        "PC2": -1.5038016161988275,
        "District_MA180_Past": 131431.22124953812,
        "MA30_Momentum": 134059.8456745289,
        "MA90_Momentum": 132745.53346203352,
        "MA180_Momentum": 131431.22124953812
    },
    "六龜區": {
        "PC1": 20.285558861422594,
        "PC2": -2.395969612792547,
        "District_MA180_Past": 136047.17440615135,
        "MA30_Momentum": 138768.1178942744,
        "MA90_Momentum": 137407.64615021285,
        "MA180_Momentum": 136047.17440615135
    },
    "前金區": {
        "PC1": -0.7767069811437757,
        "PC2": 0.5701249554988709,
        "District_MA180_Past": 269929.4381338006,
        "MA30_Momentum": 275328.0268964766,
        "MA90_Momentum": 272628.7325151386,
        "MA180_Momentum": 269929.4381338006
    },
    "前鎮區": {
        "PC1": 0.0697448533810221,
        "PC2": 0.9236074812613494,
        "District_MA180_Past": 256643.35031499114,
        "MA30_Momentum": 261776.21732129095,
        "MA90_Momentum": 259209.78381814106,
        "MA180_Momentum": 256643.35031499114
    },
    "大寮區": {
        "PC1": 1.4267467174574247,
        "PC2": 0.7888965163082835,
        "District_MA180_Past": 184501.8028970751,
        "MA30_Momentum": 188191.8389550166,
        "MA90_Momentum": 186346.82092604585,
        "MA180_Momentum": 184501.8028970751
    },
    "大樹區": {
        "PC1": 1.7643333610181329,
        "PC2": -0.2039720978527954,
        "District_MA180_Past": 180196.72605554148,
        "MA30_Momentum": 183800.66057665233,
        "MA90_Momentum": 181998.6933160969,
        "MA180_Momentum": 180196.72605554148
    },
    "大社區": {
        "PC1": 0.6134807272352933,
        "PC2": -1.151516361450197,
        "District_MA180_Past": 216318.94200761124,
        "MA30_Momentum": 220645.32084776348,
        "MA90_Momentum": 218482.13142768736,
        "MA180_Momentum": 216318.94200761124
    },
    "小港區": {
        "PC1": 1.706663842434511,
        "PC2": 1.1826444945840369,
        "District_MA180_Past": 201966.3070951692,
        "MA30_Momentum": 206005.6332370726,
        "MA90_Momentum": 203985.9701661209,
        "MA180_Momentum": 201966.3070951692
    },
    "岡山區": {
        "PC1": 0.8222656950242554,
        "PC2": -0.5281614339008053,
        "District_MA180_Past": 221999.96277447278,
        "MA30_Momentum": 226439.96202996225,
        "MA90_Momentum": 224219.9624022175,
        "MA180_Momentum": 221999.96277447278
    },
    "左營區": {
        "PC1": -1.4488893415128612,
        "PC2": -0.5435024840681497,
        "District_MA180_Past": 281395.0893056208,
        "MA30_Momentum": 287022.9910917332,
        "MA90_Momentum": 284209.04019867704,
        "MA180_Momentum": 281395.0893056208
    },
    "彌陀區": {
        "PC1": 1.873155970471224,
        "PC2": -0.9904682206826473,
        "District_MA180_Past": 186570.31464873772,
        "MA30_Momentum": 190301.72094171247,
        "MA90_Momentum": 188436.0177952251,
        "MA180_Momentum": 186570.31464873772
    },
    "新興區": {
        "PC1": -0.8759762293106919,
        "PC2": 0.5117959449852567,
        "District_MA180_Past": 264097.73153714987,
        "MA30_Momentum": 269379.6861678929,
        "MA90_Momentum": 266738.7088525214,
        "MA180_Momentum": 264097.73153714987
    },
    "旗山區": {
        "PC1": 10.074145915702623,
        "PC2": -1.5644623517844116,
        "District_MA180_Past": 129448.90492889476,
        "MA30_Momentum": 132037.88302747265,
        "MA90_Momentum": 130743.39397818371,
        "MA180_Momentum": 129448.90492889476
    },
    "旗津區": {
        "PC1": 0.7461075546147861,
        "PC2": 0.8675887944362739,
        "District_MA180_Past": 135423.6661812623,
        "MA30_Momentum": 138132.13950488754,
        "MA90_Momentum": 136777.9028430749,
        "MA180_Momentum": 135423.6661812623
    },
    "杉林區": {
        "PC1": 15.587958309411645,
        "PC2": -1.9508550571373673,
        "District_MA180_Past": 148175.36324733894,
        "MA30_Momentum": 151138.87051228574,
        "MA90_Momentum": 149657.11687981233,
        "MA180_Momentum": 148175.36324733894
    },
    "林園區": {
        "PC1": 5.154238271595692,
        "PC2": 1.115236155694926,
        "District_MA180_Past": 150497.89803509886,
        "MA30_Momentum": 153507.85599580084,
        "MA90_Momentum": 152002.87701544983,
        "MA180_Momentum": 150497.89803509886
    },
    "桃源區": {
        "PC1": 25.871160171215212,
        "PC2": -2.699254841202358,
        "District_MA180_Past": 51827.778346040264,
        "MA30_Momentum": 52864.33391296107,
        "MA90_Momentum": 52346.05612950067,
        "MA180_Momentum": 51827.778346040264
    },
    "梓官區": {
        "PC1": 0.8278341410495338,
        "PC2": -1.2692216753279455,
        "District_MA180_Past": 206837.9214946715,
        "MA30_Momentum": 210974.67992456493,
        "MA90_Momentum": 208906.3007096182,
        "MA180_Momentum": 206837.9214946715
    },
    "楠梓區": {
        "PC1": -0.5224817501695396,
        "PC2": -1.2907064519780151,
        "District_MA180_Past": 242826.12615268547,
        "MA30_Momentum": 247682.64867573918,
        "MA90_Momentum": 245254.3874142123,
        "MA180_Momentum": 242826.12615268547
    },
    "橋頭區": {
        "PC1": -0.4132761492423189,
        "PC2": -1.1385780093981486,
        "District_MA180_Past": 249819.63295726053,
        "MA30_Momentum": 254816.02561640574,
        "MA90_Momentum": 252317.82928683315,
        "MA180_Momentum": 249819.63295726053
    },
    "永安區": {
        "PC1": 2.750632612152865,
        "PC2": -0.7148714569216783,
        "District_MA180_Past": 146931.80149980335,
        "MA30_Momentum": 149870.4375297994,
        "MA90_Momentum": 148401.1195148014,
        "MA180_Momentum": 146931.80149980335
    },
    "湖內區": {
        "PC1": 4.754187680773372,
        "PC2": -0.514747639322922,
        "District_MA180_Past": 172367.18057671076,
        "MA30_Momentum": 175814.52418824498,
        "MA90_Momentum": 174090.85238247787,
        "MA180_Momentum": 172367.18057671076
    },
    "燕巢區": {
        "PC1": 1.709710274584353,
        "PC2": -1.0232581671738197,
        "District_MA180_Past": 229109.10208806445,
        "MA30_Momentum": 233691.28412982574,
        "MA90_Momentum": 231400.1931089451,
        "MA180_Momentum": 229109.10208806445
    },
    "田寮區": {
        "PC1": 4.649219542710084,
        "PC2": -0.9936448187744725,
        "District_MA180_Past": 156934.96010669204,
        "MA30_Momentum": 160073.65930882588,
        "MA90_Momentum": 158504.30970775898,
        "MA180_Momentum": 156934.96010669204
    },
    "甲仙區": {
        "PC1": 20.990177044138793,
        "PC2": -2.2916137200097078,
        "District_MA180_Past": 68576.46533072503,
        "MA30_Momentum": 69947.99463733952,
        "MA90_Momentum": 69262.22998403228,
        "MA180_Momentum": 68576.46533072503
    },
    "美濃區": {
        "PC1": 12.84265711926911,
        "PC2": -1.8529944670568068,
        "District_MA180_Past": 169666.21244880417,
        "MA30_Momentum": 173059.53669778025,
        "MA90_Momentum": 171362.8745732922,
        "MA180_Momentum": 169666.21244880417
    },
    "苓雅區": {
        "PC1": -0.6445068676399431,
        "PC2": 0.6888170316762605,
        "District_MA180_Past": 264487.7147756514,
        "MA30_Momentum": 269777.46907116444,
        "MA90_Momentum": 267132.5919234079,
        "MA180_Momentum": 264487.7147756514
    },